<?xml version="1.0" encoding="utf-8" ?><dwsync><file name=".DS_Store" server="123majeed.com" local="3438831504" remote="318763443850174392" Dst="-1" /><file name="Abdulmajeed Moaijel Ali Al (1).docx" server="123majeed.com" local="3437744760" remote="318763443831724512" Dst="-1" /><file name="Aboutme.html" server="123majeed.com" local="3457284316" remote="318763443850174032" Dst="-1" /><file name="contactme.html" server="123majeed.com" local="3440665362" remote="318763443850174272" Dst="-1" /><file name="Internship.html" server="123majeed.com" local="3440667167" remote="318763443850174272" Dst="-1" /><file name="My work.html" server="123majeed.com" local="3457282754" remote="318763443850174272" Dst="-1" /><file name="result.php" server="123majeed.com" local="3439649527" remote="318763443850174272" Dst="-1" /><file name="Research and development.html" server="123majeed.com" local="3440665432" remote="318763443850174272" Dst="-1" /><file name="IMG_2257bwdf.jpg" server="123majeed.com" local="3438634726" remote="318763443850174272" Dst="-1" /><file name="Video Resources.html" server="123majeed.com" local="3440665389" remote="318763443850174272" Dst="-1" /><file name="index.html" server="123majeed.com" local="3457285987" remote="318763443850175352" Dst="-1" /><file name="Alroumi.html" server="123majeed.com" local="3438826907" remote="318763443850174272" Dst="-1" /><file name="Professional Development .html" server="123majeed.com" local="3440665450" remote="318763443850174272" Dst="-1" /><file name="Skill Set.html" server="123majeed.com" local="3440667330" remote="318763443850174272" Dst="-1" /><file name="CV.html" server="123majeed.com" local="3449062684" remote="318763443841951992" Dst="-1" /><file name="BUSN5200.html" server="123majeed.com" local="3440665675" remote="318763443850174272" Dst="-1" /><file name="ITM 5000.html" server="123majeed.com" local="3440665598" remote="318763443850174272" Dst="-1" /><file name="ITM5100.html" server="123majeed.com" local="3440665598" remote="318763443850174272" Dst="-1" /><file name="ITM5200.html" server="123majeed.com" local="3440665561" remote="318763443850174272" Dst="-1" /><file name="ITM5300.html" server="123majeed.com" local="3440667574" remote="318763443850174272" Dst="-1" /><file name="ITM5400.html" server="123majeed.com" local="3440667574" remote="318763443850174272" Dst="-1" /><file name="MNGT 5590.html" server="123majeed.com" local="3440667482" remote="318763443850174272" Dst="-1" /><file name="Eclub.css" server="123majeed.com" local="3445613484" remote="318763443850174272" Dst="-1" /><file name="Previsor Java 6.docx" server="123majeed.com" local="3457273131" remote="318763443850174272" Dst="-1" /></dwsync>